[
    {
      "jobId": "",
      "name": "John Doe",
      "email": "johndoe@example.com",
      "resumeLink": "https://example.com/resumes/johndoe"
    },
    {
      "jobId": "",
      "name": "Jane Smith",
      "email": "janesmith@example.com",
      "resumeLink": "https://example.com/resumes/janesmith"
    },
    {
      "jobId": "",
      "name": "Emily Johnson",
      "email": "emilyjohnson@example.com",
      "resumeLink": "https://example.com/resumes/emilyjohnson"
    }
  ]
  